createdBy,userEmail,userName,password
Owner,User1@gmail.com,user1,123456
Owner,User2@gmail.com,user2,123456
Owner,User3@gmail.com,user3,123456
Owner,User4@gmail.com,user4,123456
Owner,User5@gmail.com,user5,123456
Owner,User6@gmail.com,user6,123456
Owner,User7@gmail.com,user7,123456
Owner,User8@gmail.com,user8,123456
Owner,User9@gmail.com,user9,123456
Owner,User10@gmail.com,user10,123456
Owner,User11@gmail.com,user11,123456
Owner,User12@gmail.com,user12,123456
Owner,User13@gmail.com,user13,123456
Owner,User14@gmail.com,user14,123456
Owner,User15@gmail.com,user15,123456
Owner,User16@gmail.com,user16,123456
Owner,User17@gmail.com,user17,123456
Owner,User18@gmail.com,user18,123456
Owner,User19@gmail.com,user19,123456
Owner,User20@gmail.com,user20,123456
Owner,User21@gmail.com,user21,123456
Owner,User22@gmail.com,user22,123456
Owner,User23@gmail.com,user23,123456
Owner,User24@gmail.com,user24,123456
Owner,User25@gmail.com,user25,123456
Owner,User26@gmail.com,user26,123456
Owner,User27@gmail.com,user27,123456
Owner,User28@gmail.com,user28,123456
Owner,User29@gmail.com,user29,123456
Owner,User30@gmail.com,user30,123456
Owner,User31@gmail.com,user31,123456
Owner,User32@gmail.com,user32,123456
Owner,User33@gmail.com,user33,123456
Owner,User34@gmail.com,user34,123456
Owner,User35@gmail.com,user35,123456
Owner,User36@gmail.com,user36,123456
Owner,User37@gmail.com,user37,123456
Owner,User38@gmail.com,user38,123456
Owner,User39@gmail.com,user39,123456
Owner,User40@gmail.com,user40,123456
Owner,User41@gmail.com,user41,123456
Owner,User42@gmail.com,user42,123456
Owner,User43@gmail.com,user43,123456
Owner,User44@gmail.com,user44,123456
Owner,User45@gmail.com,user45,123456
Owner,User46@gmail.com,user46,123456
Owner,User47@gmail.com,user47,123456
Owner,User48@gmail.com,user48,123456
Owner,User49@gmail.com,user49,123456
Owner,User50@gmail.com,user50,123456
Owner,User51@gmail.com,user51,123456
Owner,User52@gmail.com,user52,123456
Owner,User53@gmail.com,user53,123456
Owner,User54@gmail.com,user54,123456
Owner,User55@gmail.com,user55,123456
Owner,User56@gmail.com,user56,123456
Owner,User57@gmail.com,user57,123456
Owner,User58@gmail.com,user58,123456
Owner,User59@gmail.com,user59,123456
Owner,User60@gmail.com,user60,123456
Owner,User61@gmail.com,user61,123456
Owner,User62@gmail.com,user62,123456
Owner,User63@gmail.com,user63,123456
Owner,User64@gmail.com,user64,123456
Owner,User65@gmail.com,user65,123456
Owner,User66@gmail.com,user66,123456
Owner,User67@gmail.com,user67,123456
Owner,User68@gmail.com,user68,123456
Owner,User69@gmail.com,user69,123456
Owner,User70@gmail.com,user70,123456
Owner,User71@gmail.com,user71,123456
Owner,User72@gmail.com,user72,123456
Owner,User73@gmail.com,user73,123456
Owner,User74@gmail.com,user74,123456
Owner,User75@gmail.com,user75,123456
Owner,User76@gmail.com,user76,123456
Owner,User77@gmail.com,user77,123456
Owner,User78@gmail.com,user78,123456
Owner,User79@gmail.com,user79,123456
Owner,User80@gmail.com,user80,123456
Owner,User81@gmail.com,user81,123456
Owner,User82@gmail.com,user82,123456
Owner,User83@gmail.com,user83,123456
Owner,User84@gmail.com,user84,123456
Owner,User85@gmail.com,user85,123456
Owner,User86@gmail.com,user86,123456
Owner,User87@gmail.com,user87,123456
Owner,User88@gmail.com,user88,123456
Owner,User89@gmail.com,user89,123456
Owner,User90@gmail.com,user90,123456
Owner,User91@gmail.com,user91,123456
Owner,User92@gmail.com,user92,123456
Owner,User93@gmail.com,user93,123456
Owner,User94@gmail.com,user94,123456
Owner,User95@gmail.com,user95,123456
Owner,User96@gmail.com,user96,123456
Owner,User97@gmail.com,user97,123456
Owner,User98@gmail.com,user98,123456
Owner,User99@gmail.com,user99,123456
Owner,User100@gmail.com,user100,123456
Owner,User101@gmail.com,user101,123457
Owner,User102@gmail.com,user102,123458
Owner,User103@gmail.com,user103,123459
Owner,User104@gmail.com,user104,123460
Owner,User105@gmail.com,user105,123461
Owner,User106@gmail.com,user106,123462
Owner,User107@gmail.com,user107,123463
Owner,User108@gmail.com,user108,123464
Owner,User109@gmail.com,user109,123465
Owner,User110@gmail.com,user110,123466
Owner,User111@gmail.com,user111,123467
Owner,User112@gmail.com,user112,123468
Owner,User113@gmail.com,user113,123469
Owner,User114@gmail.com,user114,123470
Owner,User115@gmail.com,user115,123471
Owner,User116@gmail.com,user116,123472
Owner,User117@gmail.com,user117,123473
Owner,User118@gmail.com,user118,123474
Owner,User119@gmail.com,user119,123475
Owner,User120@gmail.com,user120,123476
Owner,User121@gmail.com,user121,123477
Owner,User122@gmail.com,user122,123478
Owner,User123@gmail.com,user123,123479
Owner,User124@gmail.com,user124,123480
Owner,User125@gmail.com,user125,123481
Owner,User126@gmail.com,user126,123482
Owner,User127@gmail.com,user127,123483
Owner,User128@gmail.com,user128,123484
Owner,User129@gmail.com,user129,123485
Owner,User130@gmail.com,user130,123486
Owner,User131@gmail.com,user131,123487
Owner,User132@gmail.com,user132,123488
Owner,User133@gmail.com,user133,123489
Owner,User134@gmail.com,user134,123490
Owner,User135@gmail.com,user135,123491
Owner,User136@gmail.com,user136,123492
Owner,User137@gmail.com,user137,123493
Owner,User138@gmail.com,user138,123494
Owner,User139@gmail.com,user139,123495
Owner,User140@gmail.com,user140,123496
Owner,User141@gmail.com,user141,123497
Owner,User142@gmail.com,user142,123498
Owner,User143@gmail.com,user143,123499
Owner,User144@gmail.com,user144,123500
Owner,User145@gmail.com,user145,123501
Owner,User146@gmail.com,user146,123502
Owner,User147@gmail.com,user147,123503
Owner,User148@gmail.com,user148,123504
Owner,User149@gmail.com,user149,123505
Owner,User150@gmail.com,user150,123506
Owner,User151@gmail.com,user151,123507
Owner,User152@gmail.com,user152,123508
Owner,User153@gmail.com,user153,123509
Owner,User154@gmail.com,user154,123510
Owner,User155@gmail.com,user155,123511
Owner,User156@gmail.com,user156,123512
Owner,User157@gmail.com,user157,123513
Owner,User158@gmail.com,user158,123514
Owner,User159@gmail.com,user159,123515
Owner,User160@gmail.com,user160,123516
Owner,User161@gmail.com,user161,123517
Owner,User162@gmail.com,user162,123518
Owner,User163@gmail.com,user163,123519
Owner,User164@gmail.com,user164,123520
Owner,User165@gmail.com,user165,123521
Owner,User166@gmail.com,user166,123522
Owner,User167@gmail.com,user167,123523
Owner,User168@gmail.com,user168,123524
Owner,User169@gmail.com,user169,123525
Owner,User170@gmail.com,user170,123526
Owner,User171@gmail.com,user171,123527
Owner,User172@gmail.com,user172,123528
Owner,User173@gmail.com,user173,123529
Owner,User174@gmail.com,user174,123530
Owner,User175@gmail.com,user175,123531
Owner,User176@gmail.com,user176,123532
Owner,User177@gmail.com,user177,123533
Owner,User178@gmail.com,user178,123534
Owner,User179@gmail.com,user179,123535
Owner,User180@gmail.com,user180,123536
Owner,User181@gmail.com,user181,123537
Owner,User182@gmail.com,user182,123538
Owner,User183@gmail.com,user183,123539
Owner,User184@gmail.com,user184,123540
Owner,User185@gmail.com,user185,123541
Owner,User186@gmail.com,user186,123542
Owner,User187@gmail.com,user187,123543
Owner,User188@gmail.com,user188,123544
Owner,User189@gmail.com,user189,123545
Owner,User190@gmail.com,user190,123546
Owner,User191@gmail.com,user191,123547
Owner,User192@gmail.com,user192,123548
Owner,User193@gmail.com,user193,123549
Owner,User194@gmail.com,user194,123550
Owner,User195@gmail.com,user195,123551
Owner,User196@gmail.com,user196,123552
Owner,User197@gmail.com,user197,123553
Owner,User198@gmail.com,user198,123554
Owner,User199@gmail.com,user199,123555
Owner,User200@gmail.com,user200,123556
Owner,User201@gmail.com,user201,123557
Owner,User202@gmail.com,user202,123558
Owner,User203@gmail.com,user203,123559
Owner,User204@gmail.com,user204,123560
Owner,User205@gmail.com,user205,123561
Owner,User206@gmail.com,user206,123562
Owner,User207@gmail.com,user207,123563
Owner,User208@gmail.com,user208,123564
Owner,User209@gmail.com,user209,123565
Owner,User210@gmail.com,user210,123566
Owner,User211@gmail.com,user211,123567
Owner,User212@gmail.com,user212,123568
Owner,User213@gmail.com,user213,123569
Owner,User214@gmail.com,user214,123570
Owner,User215@gmail.com,user215,123571
Owner,User216@gmail.com,user216,123572
Owner,User217@gmail.com,user217,123573
Owner,User218@gmail.com,user218,123574
Owner,User219@gmail.com,user219,123575
Owner,User220@gmail.com,user220,123576
Owner,User221@gmail.com,user221,123577
Owner,User222@gmail.com,user222,123578
Owner,User223@gmail.com,user223,123579
Owner,User224@gmail.com,user224,123580
Owner,User225@gmail.com,user225,123581
Owner,User226@gmail.com,user226,123582
Owner,User227@gmail.com,user227,123583
Owner,User228@gmail.com,user228,123584
Owner,User229@gmail.com,user229,123585
Owner,User230@gmail.com,user230,123586
Owner,User231@gmail.com,user231,123587
Owner,User232@gmail.com,user232,123588
Owner,User233@gmail.com,user233,123589
Owner,User234@gmail.com,user234,123590
Owner,User235@gmail.com,user235,123591
Owner,User236@gmail.com,user236,123592
Owner,User237@gmail.com,user237,123593
Owner,User238@gmail.com,user238,123594
Owner,User239@gmail.com,user239,123595
Owner,User240@gmail.com,user240,123596
Owner,User241@gmail.com,user241,123597
Owner,User242@gmail.com,user242,123598
Owner,User243@gmail.com,user243,123599
Owner,User244@gmail.com,user244,123600
Owner,User245@gmail.com,user245,123601
Owner,User246@gmail.com,user246,123602
Owner,User247@gmail.com,user247,123603
Owner,User248@gmail.com,user248,123604
Owner,User249@gmail.com,user249,123605
Owner,User250@gmail.com,user250,123606
Owner,User251@gmail.com,user251,123607
Owner,User252@gmail.com,user252,123608
Owner,User253@gmail.com,user253,123609
Owner,User254@gmail.com,user254,123610
Owner,User255@gmail.com,user255,123611
Owner,User256@gmail.com,user256,123612
Owner,User257@gmail.com,user257,123613
Owner,User258@gmail.com,user258,123614
Owner,User259@gmail.com,user259,123615
Owner,User260@gmail.com,user260,123616
Owner,User261@gmail.com,user261,123617
Owner,User262@gmail.com,user262,123618
Owner,User263@gmail.com,user263,123619
Owner,User264@gmail.com,user264,123620
Owner,User265@gmail.com,user265,123621
Owner,User266@gmail.com,user266,123622
Owner,User267@gmail.com,user267,123623
Owner,User268@gmail.com,user268,123624
Owner,User269@gmail.com,user269,123625
Owner,User270@gmail.com,user270,123626
Owner,User271@gmail.com,user271,123627
Owner,User272@gmail.com,user272,123628
Owner,User273@gmail.com,user273,123629
Owner,User274@gmail.com,user274,123630
Owner,User275@gmail.com,user275,123631
Owner,User276@gmail.com,user276,123632
Owner,User277@gmail.com,user277,123633
Owner,User278@gmail.com,user278,123634
Owner,User279@gmail.com,user279,123635
Owner,User280@gmail.com,user280,123636
Owner,User281@gmail.com,user281,123637
Owner,User282@gmail.com,user282,123638
Owner,User283@gmail.com,user283,123639
Owner,User284@gmail.com,user284,123640
Owner,User285@gmail.com,user285,123641
Owner,User286@gmail.com,user286,123642
Owner,User287@gmail.com,user287,123643
Owner,User288@gmail.com,user288,123644
Owner,User289@gmail.com,user289,123645
Owner,User290@gmail.com,user290,123646
Owner,User291@gmail.com,user291,123647
Owner,User292@gmail.com,user292,123648
Owner,User293@gmail.com,user293,123649
Owner,User294@gmail.com,user294,123650
Owner,User295@gmail.com,user295,123651
Owner,User296@gmail.com,user296,123652
Owner,User297@gmail.com,user297,123653
Owner,User298@gmail.com,user298,123654
Owner,User299@gmail.com,user299,123655
Owner,User300@gmail.com,user300,123656
Owner,User301@gmail.com,user301,123657
Owner,User302@gmail.com,user302,123658
Owner,User303@gmail.com,user303,123659
Owner,User304@gmail.com,user304,123660
Owner,User305@gmail.com,user305,123661
Owner,User306@gmail.com,user306,123662
Owner,User307@gmail.com,user307,123663
Owner,User308@gmail.com,user308,123664
Owner,User309@gmail.com,user309,123665
Owner,User310@gmail.com,user310,123666
Owner,User311@gmail.com,user311,123667
Owner,User312@gmail.com,user312,123668
Owner,User313@gmail.com,user313,123669
Owner,User314@gmail.com,user314,123670
Owner,User315@gmail.com,user315,123671
Owner,User316@gmail.com,user316,123672
Owner,User317@gmail.com,user317,123673
Owner,User318@gmail.com,user318,123674
Owner,User319@gmail.com,user319,123675
Owner,User320@gmail.com,user320,123676
Owner,User321@gmail.com,user321,123677
Owner,User322@gmail.com,user322,123678
Owner,User323@gmail.com,user323,123679
Owner,User324@gmail.com,user324,123680
Owner,User325@gmail.com,user325,123681
Owner,User326@gmail.com,user326,123682
Owner,User327@gmail.com,user327,123683
Owner,User328@gmail.com,user328,123684
Owner,User329@gmail.com,user329,123685
Owner,User330@gmail.com,user330,123686
Owner,User331@gmail.com,user331,123687
Owner,User332@gmail.com,user332,123688
Owner,User333@gmail.com,user333,123689
Owner,User334@gmail.com,user334,123690
Owner,User335@gmail.com,user335,123691
Owner,User336@gmail.com,user336,123692
Owner,User337@gmail.com,user337,123693
Owner,User338@gmail.com,user338,123694
Owner,User339@gmail.com,user339,123695
Owner,User340@gmail.com,user340,123696
Owner,User341@gmail.com,user341,123697
Owner,User342@gmail.com,user342,123698
Owner,User343@gmail.com,user343,123699
Owner,User344@gmail.com,user344,123700
Owner,User345@gmail.com,user345,123701
Owner,User346@gmail.com,user346,123702
Owner,User347@gmail.com,user347,123703
Owner,User348@gmail.com,user348,123704
Owner,User349@gmail.com,user349,123705
Owner,User350@gmail.com,user350,123706
Owner,User351@gmail.com,user351,123707
Owner,User352@gmail.com,user352,123708
Owner,User353@gmail.com,user353,123709
Owner,User354@gmail.com,user354,123710
Owner,User355@gmail.com,user355,123711
Owner,User356@gmail.com,user356,123712
Owner,User357@gmail.com,user357,123713
Owner,User358@gmail.com,user358,123714
Owner,User359@gmail.com,user359,123715
Owner,User360@gmail.com,user360,123716
Owner,User361@gmail.com,user361,123717
Owner,User362@gmail.com,user362,123718
Owner,User363@gmail.com,user363,123719
Owner,User364@gmail.com,user364,123720
Owner,User365@gmail.com,user365,123721
Owner,User366@gmail.com,user366,123722
Owner,User367@gmail.com,user367,123723
Owner,User368@gmail.com,user368,123724
Owner,User369@gmail.com,user369,123725
Owner,User370@gmail.com,user370,123726
Owner,User371@gmail.com,user371,123727
Owner,User372@gmail.com,user372,123728
Owner,User373@gmail.com,user373,123729
Owner,User374@gmail.com,user374,123730
Owner,User375@gmail.com,user375,123731
Owner,User376@gmail.com,user376,123732
Owner,User377@gmail.com,user377,123733
Owner,User378@gmail.com,user378,123734
Owner,User379@gmail.com,user379,123735
Owner,User380@gmail.com,user380,123736
Owner,User381@gmail.com,user381,123737
Owner,User382@gmail.com,user382,123738
Owner,User383@gmail.com,user383,123739
Owner,User384@gmail.com,user384,123740
Owner,User385@gmail.com,user385,123741
Owner,User386@gmail.com,user386,123742
Owner,User387@gmail.com,user387,123743
Owner,User388@gmail.com,user388,123744
Owner,User389@gmail.com,user389,123745
Owner,User390@gmail.com,user390,123746
Owner,User391@gmail.com,user391,123747
Owner,User392@gmail.com,user392,123748
Owner,User393@gmail.com,user393,123749
Owner,User394@gmail.com,user394,123750
Owner,User395@gmail.com,user395,123751
Owner,User396@gmail.com,user396,123752
Owner,User397@gmail.com,user397,123753
Owner,User398@gmail.com,user398,123754
Owner,User399@gmail.com,user399,123755
Owner,User400@gmail.com,user400,123756
Owner,User401@gmail.com,user401,123757
Owner,User402@gmail.com,user402,123758
Owner,User403@gmail.com,user403,123759
Owner,User404@gmail.com,user404,123760
Owner,User405@gmail.com,user405,123761
Owner,User406@gmail.com,user406,123762
Owner,User407@gmail.com,user407,123763
Owner,User408@gmail.com,user408,123764
Owner,User409@gmail.com,user409,123765
Owner,User410@gmail.com,user410,123766
Owner,User411@gmail.com,user411,123767
Owner,User412@gmail.com,user412,123768
Owner,User413@gmail.com,user413,123769
Owner,User414@gmail.com,user414,123770
Owner,User415@gmail.com,user415,123771
Owner,User416@gmail.com,user416,123772
Owner,User417@gmail.com,user417,123773
Owner,User418@gmail.com,user418,123774
Owner,User419@gmail.com,user419,123775
Owner,User420@gmail.com,user420,123776
Owner,User421@gmail.com,user421,123777
Owner,User422@gmail.com,user422,123778
Owner,User423@gmail.com,user423,123779
Owner,User424@gmail.com,user424,123780
Owner,User425@gmail.com,user425,123781
Owner,User426@gmail.com,user426,123782
Owner,User427@gmail.com,user427,123783
Owner,User428@gmail.com,user428,123784
Owner,User429@gmail.com,user429,123785
Owner,User430@gmail.com,user430,123786
Owner,User431@gmail.com,user431,123787
Owner,User432@gmail.com,user432,123788
Owner,User433@gmail.com,user433,123789
Owner,User434@gmail.com,user434,123790
Owner,User435@gmail.com,user435,123791
Owner,User436@gmail.com,user436,123792
Owner,User437@gmail.com,user437,123793
Owner,User438@gmail.com,user438,123794
Owner,User439@gmail.com,user439,123795
Owner,User440@gmail.com,user440,123796
Owner,User441@gmail.com,user441,123797
Owner,User442@gmail.com,user442,123798
Owner,User443@gmail.com,user443,123799
Owner,User444@gmail.com,user444,123800
Owner,User445@gmail.com,user445,123801
Owner,User446@gmail.com,user446,123802
Owner,User447@gmail.com,user447,123803
Owner,User448@gmail.com,user448,123804
Owner,User449@gmail.com,user449,123805
Owner,User450@gmail.com,user450,123806
Owner,User451@gmail.com,user451,123807
Owner,User452@gmail.com,user452,123808
Owner,User453@gmail.com,user453,123809
Owner,User454@gmail.com,user454,123810
Owner,User455@gmail.com,user455,123811
Owner,User456@gmail.com,user456,123812
Owner,User457@gmail.com,user457,123813
Owner,User458@gmail.com,user458,123814
Owner,User459@gmail.com,user459,123815
Owner,User460@gmail.com,user460,123816
Owner,User461@gmail.com,user461,123817
Owner,User462@gmail.com,user462,123818
Owner,User463@gmail.com,user463,123819
Owner,User464@gmail.com,user464,123820
Owner,User465@gmail.com,user465,123821
Owner,User466@gmail.com,user466,123822
Owner,User467@gmail.com,user467,123823
Owner,User468@gmail.com,user468,123824
Owner,User469@gmail.com,user469,123825
Owner,User470@gmail.com,user470,123826
Owner,User471@gmail.com,user471,123827
Owner,User472@gmail.com,user472,123828
Owner,User473@gmail.com,user473,123829
Owner,User474@gmail.com,user474,123830
Owner,User475@gmail.com,user475,123831
Owner,User476@gmail.com,user476,123832
Owner,User477@gmail.com,user477,123833
Owner,User478@gmail.com,user478,123834
Owner,User479@gmail.com,user479,123835
Owner,User480@gmail.com,user480,123836
Owner,User481@gmail.com,user481,123837
Owner,User482@gmail.com,user482,123838
Owner,User483@gmail.com,user483,123839
Owner,User484@gmail.com,user484,123840
Owner,User485@gmail.com,user485,123841
Owner,User486@gmail.com,user486,123842
Owner,User487@gmail.com,user487,123843
Owner,User488@gmail.com,user488,123844
Owner,User489@gmail.com,user489,123845
Owner,User490@gmail.com,user490,123846
Owner,User491@gmail.com,user491,123847
Owner,User492@gmail.com,user492,123848
Owner,User493@gmail.com,user493,123849
Owner,User494@gmail.com,user494,123850
Owner,User495@gmail.com,user495,123851
Owner,User496@gmail.com,user496,123852
Owner,User497@gmail.com,user497,123853
Owner,User498@gmail.com,user498,123854
Owner,User499@gmail.com,user499,123855
Owner,User500@gmail.com,user500,123856
Owner,User501@gmail.com,user501,123857
Owner,User502@gmail.com,user502,123858
Owner,User503@gmail.com,user503,123859
Owner,User504@gmail.com,user504,123860
Owner,User505@gmail.com,user505,123861
Owner,User506@gmail.com,user506,123862
Owner,User507@gmail.com,user507,123863
Owner,User508@gmail.com,user508,123864
Owner,User509@gmail.com,user509,123865
Owner,User510@gmail.com,user510,123866
Owner,User511@gmail.com,user511,123867
Owner,User512@gmail.com,user512,123868
Owner,User513@gmail.com,user513,123869
Owner,User514@gmail.com,user514,123870
Owner,User515@gmail.com,user515,123871
Owner,User516@gmail.com,user516,123872
Owner,User517@gmail.com,user517,123873
Owner,User518@gmail.com,user518,123874
Owner,User519@gmail.com,user519,123875
Owner,User520@gmail.com,user520,123876
Owner,User521@gmail.com,user521,123877
Owner,User522@gmail.com,user522,123878
Owner,User523@gmail.com,user523,123879
Owner,User524@gmail.com,user524,123880
Owner,User525@gmail.com,user525,123881
Owner,User526@gmail.com,user526,123882
Owner,User527@gmail.com,user527,123883
Owner,User528@gmail.com,user528,123884
Owner,User529@gmail.com,user529,123885
Owner,User530@gmail.com,user530,123886
Owner,User531@gmail.com,user531,123887
Owner,User532@gmail.com,user532,123888
Owner,User533@gmail.com,user533,123889
Owner,User534@gmail.com,user534,123890
Owner,User535@gmail.com,user535,123891
Owner,User536@gmail.com,user536,123892
Owner,User537@gmail.com,user537,123893
Owner,User538@gmail.com,user538,123894
Owner,User539@gmail.com,user539,123895
Owner,User540@gmail.com,user540,123896
Owner,User541@gmail.com,user541,123897
Owner,User542@gmail.com,user542,123898
Owner,User543@gmail.com,user543,123899
Owner,User544@gmail.com,user544,123900
Owner,User545@gmail.com,user545,123901
Owner,User546@gmail.com,user546,123902
Owner,User547@gmail.com,user547,123903
Owner,User548@gmail.com,user548,123904
Owner,User549@gmail.com,user549,123905
Owner,User550@gmail.com,user550,123906
Owner,User551@gmail.com,user551,123907
Owner,User552@gmail.com,user552,123908
Owner,User553@gmail.com,user553,123909
Owner,User554@gmail.com,user554,123910
Owner,User555@gmail.com,user555,123911
Owner,User556@gmail.com,user556,123912
Owner,User557@gmail.com,user557,123913
Owner,User558@gmail.com,user558,123914
Owner,User559@gmail.com,user559,123915
Owner,User560@gmail.com,user560,123916
Owner,User561@gmail.com,user561,123917
Owner,User562@gmail.com,user562,123918
Owner,User563@gmail.com,user563,123919
Owner,User564@gmail.com,user564,123920
Owner,User565@gmail.com,user565,123921
Owner,User566@gmail.com,user566,123922
Owner,User567@gmail.com,user567,123923
Owner,User568@gmail.com,user568,123924
Owner,User569@gmail.com,user569,123925
Owner,User570@gmail.com,user570,123926
Owner,User571@gmail.com,user571,123927
Owner,User572@gmail.com,user572,123928
Owner,User573@gmail.com,user573,123929
Owner,User574@gmail.com,user574,123930
Owner,User575@gmail.com,user575,123931
Owner,User576@gmail.com,user576,123932
Owner,User577@gmail.com,user577,123933
Owner,User578@gmail.com,user578,123934
Owner,User579@gmail.com,user579,123935
Owner,User580@gmail.com,user580,123936
Owner,User581@gmail.com,user581,123937
Owner,User582@gmail.com,user582,123938
Owner,User583@gmail.com,user583,123939
Owner,User584@gmail.com,user584,123940
Owner,User585@gmail.com,user585,123941
Owner,User586@gmail.com,user586,123942
Owner,User587@gmail.com,user587,123943
Owner,User588@gmail.com,user588,123944
Owner,User589@gmail.com,user589,123945
Owner,User590@gmail.com,user590,123946
Owner,User591@gmail.com,user591,123947
Owner,User592@gmail.com,user592,123948
Owner,User593@gmail.com,user593,123949
Owner,User594@gmail.com,user594,123950
Owner,User595@gmail.com,user595,123951
Owner,User596@gmail.com,user596,123952
Owner,User597@gmail.com,user597,123953
Owner,User598@gmail.com,user598,123954
Owner,User599@gmail.com,user599,123955
Owner,User600@gmail.com,user600,123956
Owner,User601@gmail.com,user601,123957
Owner,User602@gmail.com,user602,123958
Owner,User603@gmail.com,user603,123959
Owner,User604@gmail.com,user604,123960
Owner,User605@gmail.com,user605,123961
Owner,User606@gmail.com,user606,123962
Owner,User607@gmail.com,user607,123963
Owner,User608@gmail.com,user608,123964
Owner,User609@gmail.com,user609,123965
Owner,User610@gmail.com,user610,123966
Owner,User611@gmail.com,user611,123967
Owner,User612@gmail.com,user612,123968
Owner,User613@gmail.com,user613,123969
Owner,User614@gmail.com,user614,123970
Owner,User615@gmail.com,user615,123971
Owner,User616@gmail.com,user616,123972
Owner,User617@gmail.com,user617,123973
Owner,User618@gmail.com,user618,123974
Owner,User619@gmail.com,user619,123975
Owner,User620@gmail.com,user620,123976
Owner,User621@gmail.com,user621,123977
Owner,User622@gmail.com,user622,123978
Owner,User623@gmail.com,user623,123979
Owner,User624@gmail.com,user624,123980
Owner,User625@gmail.com,user625,123981
Owner,User626@gmail.com,user626,123982
Owner,User627@gmail.com,user627,123983
Owner,User628@gmail.com,user628,123984
Owner,User629@gmail.com,user629,123985
Owner,User630@gmail.com,user630,123986
Owner,User631@gmail.com,user631,123987
Owner,User632@gmail.com,user632,123988
Owner,User633@gmail.com,user633,123989
Owner,User634@gmail.com,user634,123990
Owner,User635@gmail.com,user635,123991
Owner,User636@gmail.com,user636,123992
Owner,User637@gmail.com,user637,123993
Owner,User638@gmail.com,user638,123994
Owner,User639@gmail.com,user639,123995
Owner,User640@gmail.com,user640,123996
Owner,User641@gmail.com,user641,123997
Owner,User642@gmail.com,user642,123998
Owner,User643@gmail.com,user643,123999
Owner,User644@gmail.com,user644,124000
Owner,User645@gmail.com,user645,124001
Owner,User646@gmail.com,user646,124002
Owner,User647@gmail.com,user647,124003
Owner,User648@gmail.com,user648,124004
Owner,User649@gmail.com,user649,124005
Owner,User650@gmail.com,user650,124006
Owner,User651@gmail.com,user651,124007
Owner,User652@gmail.com,user652,124008
Owner,User653@gmail.com,user653,124009
Owner,User654@gmail.com,user654,124010
Owner,User655@gmail.com,user655,124011
Owner,User656@gmail.com,user656,124012
Owner,User657@gmail.com,user657,124013
Owner,User658@gmail.com,user658,124014
Owner,User659@gmail.com,user659,124015
Owner,User660@gmail.com,user660,124016
Owner,User661@gmail.com,user661,124017
Owner,User662@gmail.com,user662,124018
Owner,User663@gmail.com,user663,124019
Owner,User664@gmail.com,user664,124020
Owner,User665@gmail.com,user665,124021
Owner,User666@gmail.com,user666,124022
Owner,User667@gmail.com,user667,124023
Owner,User668@gmail.com,user668,124024
Owner,User669@gmail.com,user669,124025
Owner,User670@gmail.com,user670,124026
Owner,User671@gmail.com,user671,124027
Owner,User672@gmail.com,user672,124028
Owner,User673@gmail.com,user673,124029
Owner,User674@gmail.com,user674,124030
Owner,User675@gmail.com,user675,124031
Owner,User676@gmail.com,user676,124032
Owner,User677@gmail.com,user677,124033
Owner,User678@gmail.com,user678,124034
Owner,User679@gmail.com,user679,124035
Owner,User680@gmail.com,user680,124036
Owner,User681@gmail.com,user681,124037
Owner,User682@gmail.com,user682,124038
Owner,User683@gmail.com,user683,124039
Owner,User684@gmail.com,user684,124040
Owner,User685@gmail.com,user685,124041
Owner,User686@gmail.com,user686,124042
Owner,User687@gmail.com,user687,124043
Owner,User688@gmail.com,user688,124044
Owner,User689@gmail.com,user689,124045
Owner,User690@gmail.com,user690,124046
Owner,User691@gmail.com,user691,124047
Owner,User692@gmail.com,user692,124048
Owner,User693@gmail.com,user693,124049
Owner,User694@gmail.com,user694,124050
Owner,User695@gmail.com,user695,124051
Owner,User696@gmail.com,user696,124052
Owner,User697@gmail.com,user697,124053
Owner,User698@gmail.com,user698,124054
Owner,User699@gmail.com,user699,124055
Owner,User700@gmail.com,user700,124056
Owner,User701@gmail.com,user701,124057
Owner,User702@gmail.com,user702,124058
Owner,User703@gmail.com,user703,124059
Owner,User704@gmail.com,user704,124060
Owner,User705@gmail.com,user705,124061
Owner,User706@gmail.com,user706,124062
Owner,User707@gmail.com,user707,124063
Owner,User708@gmail.com,user708,124064
Owner,User709@gmail.com,user709,124065
Owner,User710@gmail.com,user710,124066
Owner,User711@gmail.com,user711,124067
Owner,User712@gmail.com,user712,124068
Owner,User713@gmail.com,user713,124069
Owner,User714@gmail.com,user714,124070
Owner,User715@gmail.com,user715,124071
Owner,User716@gmail.com,user716,124072
Owner,User717@gmail.com,user717,124073
Owner,User718@gmail.com,user718,124074
Owner,User719@gmail.com,user719,124075
Owner,User720@gmail.com,user720,124076
Owner,User721@gmail.com,user721,124077
Owner,User722@gmail.com,user722,124078
Owner,User723@gmail.com,user723,124079
Owner,User724@gmail.com,user724,124080
Owner,User725@gmail.com,user725,124081
Owner,User726@gmail.com,user726,124082
Owner,User727@gmail.com,user727,124083
Owner,User728@gmail.com,user728,124084
Owner,User729@gmail.com,user729,124085
Owner,User730@gmail.com,user730,124086
Owner,User731@gmail.com,user731,124087
Owner,User732@gmail.com,user732,124088
Owner,User733@gmail.com,user733,124089
Owner,User734@gmail.com,user734,124090
Owner,User735@gmail.com,user735,124091
Owner,User736@gmail.com,user736,124092
Owner,User737@gmail.com,user737,124093
Owner,User738@gmail.com,user738,124094
Owner,User739@gmail.com,user739,124095
Owner,User740@gmail.com,user740,124096
Owner,User741@gmail.com,user741,124097
Owner,User742@gmail.com,user742,124098
Owner,User743@gmail.com,user743,124099
Owner,User744@gmail.com,user744,124100
Owner,User745@gmail.com,user745,124101
Owner,User746@gmail.com,user746,124102
Owner,User747@gmail.com,user747,124103
Owner,User748@gmail.com,user748,124104
Owner,User749@gmail.com,user749,124105
Owner,User750@gmail.com,user750,124106
Owner,User751@gmail.com,user751,124107
Owner,User752@gmail.com,user752,124108
Owner,User753@gmail.com,user753,124109
Owner,User754@gmail.com,user754,124110
Owner,User755@gmail.com,user755,124111
Owner,User756@gmail.com,user756,124112
Owner,User757@gmail.com,user757,124113
Owner,User758@gmail.com,user758,124114
Owner,User759@gmail.com,user759,124115
Owner,User760@gmail.com,user760,124116
Owner,User761@gmail.com,user761,124117
Owner,User762@gmail.com,user762,124118
Owner,User763@gmail.com,user763,124119
Owner,User764@gmail.com,user764,124120
Owner,User765@gmail.com,user765,124121
Owner,User766@gmail.com,user766,124122
Owner,User767@gmail.com,user767,124123
Owner,User768@gmail.com,user768,124124
Owner,User769@gmail.com,user769,124125
Owner,User770@gmail.com,user770,124126
Owner,User771@gmail.com,user771,124127
Owner,User772@gmail.com,user772,124128
Owner,User773@gmail.com,user773,124129
Owner,User774@gmail.com,user774,124130
Owner,User775@gmail.com,user775,124131
Owner,User776@gmail.com,user776,124132
Owner,User777@gmail.com,user777,124133
Owner,User778@gmail.com,user778,124134
Owner,User779@gmail.com,user779,124135
Owner,User780@gmail.com,user780,124136
Owner,User781@gmail.com,user781,124137
Owner,User782@gmail.com,user782,124138
Owner,User783@gmail.com,user783,124139
Owner,User784@gmail.com,user784,124140
Owner,User785@gmail.com,user785,124141
Owner,User786@gmail.com,user786,124142
Owner,User787@gmail.com,user787,124143
Owner,User788@gmail.com,user788,124144
Owner,User789@gmail.com,user789,124145
Owner,User790@gmail.com,user790,124146
Owner,User791@gmail.com,user791,124147
Owner,User792@gmail.com,user792,124148
Owner,User793@gmail.com,user793,124149
Owner,User794@gmail.com,user794,124150
Owner,User795@gmail.com,user795,124151
Owner,User796@gmail.com,user796,124152
Owner,User797@gmail.com,user797,124153
Owner,User798@gmail.com,user798,124154
Owner,User799@gmail.com,user799,124155
Owner,User800@gmail.com,user800,124156
Owner,User801@gmail.com,user801,124157
Owner,User802@gmail.com,user802,124158
Owner,User803@gmail.com,user803,124159
Owner,User804@gmail.com,user804,124160
Owner,User805@gmail.com,user805,124161
Owner,User806@gmail.com,user806,124162
Owner,User807@gmail.com,user807,124163
Owner,User808@gmail.com,user808,124164
Owner,User809@gmail.com,user809,124165
Owner,User810@gmail.com,user810,124166
Owner,User811@gmail.com,user811,124167
Owner,User812@gmail.com,user812,124168
Owner,User813@gmail.com,user813,124169
Owner,User814@gmail.com,user814,124170
Owner,User815@gmail.com,user815,124171
Owner,User816@gmail.com,user816,124172
Owner,User817@gmail.com,user817,124173
Owner,User818@gmail.com,user818,124174
Owner,User819@gmail.com,user819,124175
Owner,User820@gmail.com,user820,124176
Owner,User821@gmail.com,user821,124177
Owner,User822@gmail.com,user822,124178
Owner,User823@gmail.com,user823,124179
Owner,User824@gmail.com,user824,124180
Owner,User825@gmail.com,user825,124181
Owner,User826@gmail.com,user826,124182
Owner,User827@gmail.com,user827,124183
Owner,User828@gmail.com,user828,124184
Owner,User829@gmail.com,user829,124185
Owner,User830@gmail.com,user830,124186
Owner,User831@gmail.com,user831,124187
Owner,User832@gmail.com,user832,124188
Owner,User833@gmail.com,user833,124189
Owner,User834@gmail.com,user834,124190
Owner,User835@gmail.com,user835,124191
Owner,User836@gmail.com,user836,124192
Owner,User837@gmail.com,user837,124193
Owner,User838@gmail.com,user838,124194
Owner,User839@gmail.com,user839,124195
Owner,User840@gmail.com,user840,124196
Owner,User841@gmail.com,user841,124197
Owner,User842@gmail.com,user842,124198
Owner,User843@gmail.com,user843,124199
Owner,User844@gmail.com,user844,124200
Owner,User845@gmail.com,user845,124201
Owner,User846@gmail.com,user846,124202
Owner,User847@gmail.com,user847,124203
Owner,User848@gmail.com,user848,124204
Owner,User849@gmail.com,user849,124205
Owner,User850@gmail.com,user850,124206
Owner,User851@gmail.com,user851,124207
Owner,User852@gmail.com,user852,124208
Owner,User853@gmail.com,user853,124209
Owner,User854@gmail.com,user854,124210
Owner,User855@gmail.com,user855,124211
Owner,User856@gmail.com,user856,124212
Owner,User857@gmail.com,user857,124213
Owner,User858@gmail.com,user858,124214
Owner,User859@gmail.com,user859,124215
Owner,User860@gmail.com,user860,124216
Owner,User861@gmail.com,user861,124217
Owner,User862@gmail.com,user862,124218
Owner,User863@gmail.com,user863,124219
Owner,User864@gmail.com,user864,124220
Owner,User865@gmail.com,user865,124221
Owner,User866@gmail.com,user866,124222
Owner,User867@gmail.com,user867,124223
Owner,User868@gmail.com,user868,124224
Owner,User869@gmail.com,user869,124225
Owner,User870@gmail.com,user870,124226
Owner,User871@gmail.com,user871,124227
Owner,User872@gmail.com,user872,124228
Owner,User873@gmail.com,user873,124229
Owner,User874@gmail.com,user874,124230
Owner,User875@gmail.com,user875,124231
Owner,User876@gmail.com,user876,124232
Owner,User877@gmail.com,user877,124233
Owner,User878@gmail.com,user878,124234
Owner,User879@gmail.com,user879,124235
Owner,User880@gmail.com,user880,124236
Owner,User881@gmail.com,user881,124237
Owner,User882@gmail.com,user882,124238
Owner,User883@gmail.com,user883,124239
Owner,User884@gmail.com,user884,124240
Owner,User885@gmail.com,user885,124241
Owner,User886@gmail.com,user886,124242
Owner,User887@gmail.com,user887,124243
Owner,User888@gmail.com,user888,124244
Owner,User889@gmail.com,user889,124245
Owner,User890@gmail.com,user890,124246
Owner,User891@gmail.com,user891,124247
Owner,User892@gmail.com,user892,124248
Owner,User893@gmail.com,user893,124249
Owner,User894@gmail.com,user894,124250
Owner,User895@gmail.com,user895,124251
Owner,User896@gmail.com,user896,124252
Owner,User897@gmail.com,user897,124253
Owner,User898@gmail.com,user898,124254
Owner,User899@gmail.com,user899,124255
Owner,User900@gmail.com,user900,124256
Owner,User901@gmail.com,user901,124257
Owner,User902@gmail.com,user902,124258
Owner,User903@gmail.com,user903,124259
Owner,User904@gmail.com,user904,124260
Owner,User905@gmail.com,user905,124261
Owner,User906@gmail.com,user906,124262
Owner,User907@gmail.com,user907,124263
Owner,User908@gmail.com,user908,124264
Owner,User909@gmail.com,user909,124265
Owner,User910@gmail.com,user910,124266
Owner,User911@gmail.com,user911,124267
Owner,User912@gmail.com,user912,124268
Owner,User913@gmail.com,user913,124269
Owner,User914@gmail.com,user914,124270
Owner,User915@gmail.com,user915,124271
Owner,User916@gmail.com,user916,124272
Owner,User917@gmail.com,user917,124273
Owner,User918@gmail.com,user918,124274
Owner,User919@gmail.com,user919,124275
Owner,User920@gmail.com,user920,124276
Owner,User921@gmail.com,user921,124277
Owner,User922@gmail.com,user922,124278
Owner,User923@gmail.com,user923,124279
Owner,User924@gmail.com,user924,124280
Owner,User925@gmail.com,user925,124281
Owner,User926@gmail.com,user926,124282
Owner,User927@gmail.com,user927,124283
Owner,User928@gmail.com,user928,124284
Owner,User929@gmail.com,user929,124285
Owner,User930@gmail.com,user930,124286
Owner,User931@gmail.com,user931,124287
Owner,User932@gmail.com,user932,124288
Owner,User933@gmail.com,user933,124289
Owner,User934@gmail.com,user934,124290
Owner,User935@gmail.com,user935,124291
Owner,User936@gmail.com,user936,124292
Owner,User937@gmail.com,user937,124293
Owner,User938@gmail.com,user938,124294
Owner,User939@gmail.com,user939,124295
Owner,User940@gmail.com,user940,124296
Owner,User941@gmail.com,user941,124297
Owner,User942@gmail.com,user942,124298
Owner,User943@gmail.com,user943,124299
Owner,User944@gmail.com,user944,124300
Owner,User945@gmail.com,user945,124301
Owner,User946@gmail.com,user946,124302
Owner,User947@gmail.com,user947,124303
Owner,User948@gmail.com,user948,124304
Owner,User949@gmail.com,user949,124305
Owner,User950@gmail.com,user950,124306
Owner,User951@gmail.com,user951,124307
Owner,User952@gmail.com,user952,124308
Owner,User953@gmail.com,user953,124309
Owner,User954@gmail.com,user954,124310
Owner,User955@gmail.com,user955,124311
Owner,User956@gmail.com,user956,124312
Owner,User957@gmail.com,user957,124313
Owner,User958@gmail.com,user958,124314
Owner,User959@gmail.com,user959,124315
Owner,User960@gmail.com,user960,124316
Owner,User961@gmail.com,user961,124317
Owner,User962@gmail.com,user962,124318
Owner,User963@gmail.com,user963,124319
Owner,User964@gmail.com,user964,124320
Owner,User965@gmail.com,user965,124321
Owner,User966@gmail.com,user966,124322
Owner,User967@gmail.com,user967,124323
Owner,User968@gmail.com,user968,124324
Owner,User969@gmail.com,user969,124325
Owner,User970@gmail.com,user970,124326
Owner,User971@gmail.com,user971,124327
Owner,User972@gmail.com,user972,124328
Owner,User973@gmail.com,user973,124329
Owner,User974@gmail.com,user974,124330
Owner,User975@gmail.com,user975,124331
Owner,User976@gmail.com,user976,124332
Owner,User977@gmail.com,user977,124333
Owner,User978@gmail.com,user978,124334
Owner,User979@gmail.com,user979,124335
Owner,User980@gmail.com,user980,124336
Owner,User981@gmail.com,user981,124337
Owner,User982@gmail.com,user982,124338
Owner,User983@gmail.com,user983,124339
Owner,User984@gmail.com,user984,124340
Owner,User985@gmail.com,user985,124341
Owner,User986@gmail.com,user986,124342
Owner,User987@gmail.com,user987,124343
Owner,User988@gmail.com,user988,124344
Owner,User989@gmail.com,user989,124345
Owner,User990@gmail.com,user990,124346
Owner,User991@gmail.com,user991,124347
Owner,User992@gmail.com,user992,124348
Owner,User993@gmail.com,user993,124349
Owner,User994@gmail.com,user994,124350
Owner,User995@gmail.com,user995,124351
Owner,User996@gmail.com,user996,124352
Owner,User997@gmail.com,user997,124353
Owner,User998@gmail.com,user998,124354
Owner,User999@gmail.com,user999,124355
Owner,User1000@gmail.com,user1000,124356
Owner,User1001@gmail.com,user1001,124357
Owner,User1002@gmail.com,user1002,124358
Owner,User1003@gmail.com,user1003,124359
Owner,User1004@gmail.com,user1004,124360
Owner,User1005@gmail.com,user1005,124361
Owner,User1006@gmail.com,user1006,124362
Owner,User1007@gmail.com,user1007,124363
Owner,User1008@gmail.com,user1008,124364
Owner,User1009@gmail.com,user1009,124365
Owner,User1010@gmail.com,user1010,124366
Owner,User1011@gmail.com,user1011,124367
Owner,User1012@gmail.com,user1012,124368
Owner,User1013@gmail.com,user1013,124369
Owner,User1014@gmail.com,user1014,124370
Owner,User1015@gmail.com,user1015,124371
Owner,User1016@gmail.com,user1016,124372
Owner,User1017@gmail.com,user1017,124373
Owner,User1018@gmail.com,user1018,124374
Owner,User1019@gmail.com,user1019,124375
Owner,User1020@gmail.com,user1020,124376
Owner,User1021@gmail.com,user1021,124377
Owner,User1022@gmail.com,user1022,124378
Owner,User1023@gmail.com,user1023,124379
Owner,User1024@gmail.com,user1024,124380
Owner,User1025@gmail.com,user1025,124381
Owner,User1026@gmail.com,user1026,124382
Owner,User1027@gmail.com,user1027,124383
Owner,User1028@gmail.com,user1028,124384
Owner,User1029@gmail.com,user1029,124385
Owner,User1030@gmail.com,user1030,124386
Owner,User1031@gmail.com,user1031,124387
Owner,User1032@gmail.com,user1032,124388
Owner,User1033@gmail.com,user1033,124389
Owner,User1034@gmail.com,user1034,124390
Owner,User1035@gmail.com,user1035,124391
Owner,User1036@gmail.com,user1036,124392
Owner,User1037@gmail.com,user1037,124393
Owner,User1038@gmail.com,user1038,124394
Owner,User1039@gmail.com,user1039,124395
Owner,User1040@gmail.com,user1040,124396
Owner,User1041@gmail.com,user1041,124397
Owner,User1042@gmail.com,user1042,124398
Owner,User1043@gmail.com,user1043,124399
Owner,User1044@gmail.com,user1044,124400
Owner,User1045@gmail.com,user1045,124401
Owner,User1046@gmail.com,user1046,124402
Owner,User1047@gmail.com,user1047,124403
Owner,User1048@gmail.com,user1048,124404
Owner,User1049@gmail.com,user1049,124405
Owner,User1050@gmail.com,user1050,124406
Owner,User1051@gmail.com,user1051,124407
Owner,User1052@gmail.com,user1052,124408
Owner,User1053@gmail.com,user1053,124409
Owner,User1054@gmail.com,user1054,124410
Owner,User1055@gmail.com,user1055,124411
Owner,User1056@gmail.com,user1056,124412
Owner,User1057@gmail.com,user1057,124413
Owner,User1058@gmail.com,user1058,124414
Owner,User1059@gmail.com,user1059,124415
Owner,User1060@gmail.com,user1060,124416
Owner,User1061@gmail.com,user1061,124417
Owner,User1062@gmail.com,user1062,124418
Owner,User1063@gmail.com,user1063,124419
Owner,User1064@gmail.com,user1064,124420
Owner,User1065@gmail.com,user1065,124421
Owner,User1066@gmail.com,user1066,124422
Owner,User1067@gmail.com,user1067,124423
Owner,User1068@gmail.com,user1068,124424
Owner,User1069@gmail.com,user1069,124425
Owner,User1070@gmail.com,user1070,124426
Owner,User1071@gmail.com,user1071,124427
Owner,User1072@gmail.com,user1072,124428
Owner,User1073@gmail.com,user1073,124429
Owner,User1074@gmail.com,user1074,124430
Owner,User1075@gmail.com,user1075,124431
Owner,User1076@gmail.com,user1076,124432
Owner,User1077@gmail.com,user1077,124433
Owner,User1078@gmail.com,user1078,124434
Owner,User1079@gmail.com,user1079,124435
Owner,User1080@gmail.com,user1080,124436
Owner,User1081@gmail.com,user1081,124437
Owner,User1082@gmail.com,user1082,124438
Owner,User1083@gmail.com,user1083,124439
Owner,User1084@gmail.com,user1084,124440
Owner,User1085@gmail.com,user1085,124441
Owner,User1086@gmail.com,user1086,124442
Owner,User1087@gmail.com,user1087,124443
Owner,User1088@gmail.com,user1088,124444
Owner,User1089@gmail.com,user1089,124445
Owner,User1090@gmail.com,user1090,124446
Owner,User1091@gmail.com,user1091,124447
Owner,User1092@gmail.com,user1092,124448
Owner,User1093@gmail.com,user1093,124449
Owner,User1094@gmail.com,user1094,124450
Owner,User1095@gmail.com,user1095,124451
Owner,User1096@gmail.com,user1096,124452
Owner,User1097@gmail.com,user1097,124453
Owner,User1098@gmail.com,user1098,124454
Owner,User1099@gmail.com,user1099,124455
Owner,User1100@gmail.com,user1100,124456
Owner,User1101@gmail.com,user1101,124457
Owner,User1102@gmail.com,user1102,124458
Owner,User1103@gmail.com,user1103,124459
Owner,User1104@gmail.com,user1104,124460
Owner,User1105@gmail.com,user1105,124461
Owner,User1106@gmail.com,user1106,124462
Owner,User1107@gmail.com,user1107,124463
Owner,User1108@gmail.com,user1108,124464
Owner,User1109@gmail.com,user1109,124465
Owner,User1110@gmail.com,user1110,124466
Owner,User1111@gmail.com,user1111,124467
Owner,User1112@gmail.com,user1112,124468
Owner,User1113@gmail.com,user1113,124469
Owner,User1114@gmail.com,user1114,124470
Owner,User1115@gmail.com,user1115,124471
Owner,User1116@gmail.com,user1116,124472
Owner,User1117@gmail.com,user1117,124473
Owner,User1118@gmail.com,user1118,124474
Owner,User1119@gmail.com,user1119,124475
Owner,User1120@gmail.com,user1120,124476
Owner,User1121@gmail.com,user1121,124477
Owner,User1122@gmail.com,user1122,124478
Owner,User1123@gmail.com,user1123,124479
Owner,User1124@gmail.com,user1124,124480
Owner,User1125@gmail.com,user1125,124481
Owner,User1126@gmail.com,user1126,124482
Owner,User1127@gmail.com,user1127,124483
Owner,User1128@gmail.com,user1128,124484
Owner,User1129@gmail.com,user1129,124485
Owner,User1130@gmail.com,user1130,124486
Owner,User1131@gmail.com,user1131,124487
Owner,User1132@gmail.com,user1132,124488
Owner,User1133@gmail.com,user1133,124489
Owner,User1134@gmail.com,user1134,124490
Owner,User1135@gmail.com,user1135,124491
Owner,User1136@gmail.com,user1136,124492
Owner,User1137@gmail.com,user1137,124493
Owner,User1138@gmail.com,user1138,124494
Owner,User1139@gmail.com,user1139,124495
Owner,User1140@gmail.com,user1140,124496
Owner,User1141@gmail.com,user1141,124497
Owner,User1142@gmail.com,user1142,124498
Owner,User1143@gmail.com,user1143,124499
Owner,User1144@gmail.com,user1144,124500
Owner,User1145@gmail.com,user1145,124501
Owner,User1146@gmail.com,user1146,124502
Owner,User1147@gmail.com,user1147,124503
Owner,User1148@gmail.com,user1148,124504
Owner,User1149@gmail.com,user1149,124505
Owner,User1150@gmail.com,user1150,124506
Owner,User1151@gmail.com,user1151,124507
Owner,User1152@gmail.com,user1152,124508
Owner,User1153@gmail.com,user1153,124509
Owner,User1154@gmail.com,user1154,124510
Owner,User1155@gmail.com,user1155,124511
Owner,User1156@gmail.com,user1156,124512
Owner,User1157@gmail.com,user1157,124513
Owner,User1158@gmail.com,user1158,124514
Owner,User1159@gmail.com,user1159,124515
Owner,User1160@gmail.com,user1160,124516
Owner,User1161@gmail.com,user1161,124517
Owner,User1162@gmail.com,user1162,124518
Owner,User1163@gmail.com,user1163,124519
Owner,User1164@gmail.com,user1164,124520
Owner,User1165@gmail.com,user1165,124521
Owner,User1166@gmail.com,user1166,124522
Owner,User1167@gmail.com,user1167,124523
Owner,User1168@gmail.com,user1168,124524
Owner,User1169@gmail.com,user1169,124525
Owner,User1170@gmail.com,user1170,124526
Owner,User1171@gmail.com,user1171,124527
Owner,User1172@gmail.com,user1172,124528
Owner,User1173@gmail.com,user1173,124529
Owner,User1174@gmail.com,user1174,124530
Owner,User1175@gmail.com,user1175,124531
Owner,User1176@gmail.com,user1176,124532
Owner,User1177@gmail.com,user1177,124533
Owner,User1178@gmail.com,user1178,124534
Owner,User1179@gmail.com,user1179,124535
Owner,User1180@gmail.com,user1180,124536
Owner,User1181@gmail.com,user1181,124537
Owner,User1182@gmail.com,user1182,124538
Owner,User1183@gmail.com,user1183,124539
Owner,User1184@gmail.com,user1184,124540
Owner,User1185@gmail.com,user1185,124541
Owner,User1186@gmail.com,user1186,124542
Owner,User1187@gmail.com,user1187,124543
Owner,User1188@gmail.com,user1188,124544
Owner,User1189@gmail.com,user1189,124545
Owner,User1190@gmail.com,user1190,124546
Owner,User1191@gmail.com,user1191,124547
Owner,User1192@gmail.com,user1192,124548
Owner,User1193@gmail.com,user1193,124549
Owner,User1194@gmail.com,user1194,124550
Owner,User1195@gmail.com,user1195,124551
Owner,User1196@gmail.com,user1196,124552
Owner,User1197@gmail.com,user1197,124553
Owner,User1198@gmail.com,user1198,124554
Owner,User1199@gmail.com,user1199,124555
Owner,User1200@gmail.com,user1200,124556
Owner,User1201@gmail.com,user1201,124557
Owner,User1202@gmail.com,user1202,124558
Owner,User1203@gmail.com,user1203,124559
Owner,User1204@gmail.com,user1204,124560
Owner,User1205@gmail.com,user1205,124561
Owner,User1206@gmail.com,user1206,124562
Owner,User1207@gmail.com,user1207,124563
Owner,User1208@gmail.com,user1208,124564
Owner,User1209@gmail.com,user1209,124565
Owner,User1210@gmail.com,user1210,124566
Owner,User1211@gmail.com,user1211,124567
Owner,User1212@gmail.com,user1212,124568
Owner,User1213@gmail.com,user1213,124569
Owner,User1214@gmail.com,user1214,124570
Owner,User1215@gmail.com,user1215,124571
Owner,User1216@gmail.com,user1216,124572
Owner,User1217@gmail.com,user1217,124573
Owner,User1218@gmail.com,user1218,124574
Owner,User1219@gmail.com,user1219,124575
Owner,User1220@gmail.com,user1220,124576
Owner,User1221@gmail.com,user1221,124577
Owner,User1222@gmail.com,user1222,124578
Owner,User1223@gmail.com,user1223,124579
Owner,User1224@gmail.com,user1224,124580
Owner,User1225@gmail.com,user1225,124581
Owner,User1226@gmail.com,user1226,124582
Owner,User1227@gmail.com,user1227,124583
Owner,User1228@gmail.com,user1228,124584
Owner,User1229@gmail.com,user1229,124585
Owner,User1230@gmail.com,user1230,124586
Owner,User1231@gmail.com,user1231,124587
Owner,User1232@gmail.com,user1232,124588
Owner,User1233@gmail.com,user1233,124589
Owner,User1234@gmail.com,user1234,124590
Owner,User1235@gmail.com,user1235,124591
Owner,User1236@gmail.com,user1236,124592
Owner,User1237@gmail.com,user1237,124593
Owner,User1238@gmail.com,user1238,124594
Owner,User1239@gmail.com,user1239,124595
Owner,User1240@gmail.com,user1240,124596
Owner,User1241@gmail.com,user1241,124597
Owner,User1242@gmail.com,user1242,124598
Owner,User1243@gmail.com,user1243,124599
Owner,User1244@gmail.com,user1244,124600
Owner,User1245@gmail.com,user1245,124601
Owner,User1246@gmail.com,user1246,124602
Owner,User1247@gmail.com,user1247,124603
Owner,User1248@gmail.com,user1248,124604
Owner,User1249@gmail.com,user1249,124605
Owner,User1250@gmail.com,user1250,124606
Owner,User1251@gmail.com,user1251,124607
Owner,User1252@gmail.com,user1252,124608
Owner,User1253@gmail.com,user1253,124609
Owner,User1254@gmail.com,user1254,124610
Owner,User1255@gmail.com,user1255,124611
Owner,User1256@gmail.com,user1256,124612
Owner,User1257@gmail.com,user1257,124613
Owner,User1258@gmail.com,user1258,124614
Owner,User1259@gmail.com,user1259,124615
Owner,User1260@gmail.com,user1260,124616
Owner,User1261@gmail.com,user1261,124617
Owner,User1262@gmail.com,user1262,124618
Owner,User1263@gmail.com,user1263,124619
Owner,User1264@gmail.com,user1264,124620
Owner,User1265@gmail.com,user1265,124621
Owner,User1266@gmail.com,user1266,124622
Owner,User1267@gmail.com,user1267,124623
Owner,User1268@gmail.com,user1268,124624
Owner,User1269@gmail.com,user1269,124625
Owner,User1270@gmail.com,user1270,124626
Owner,User1271@gmail.com,user1271,124627
Owner,User1272@gmail.com,user1272,124628
Owner,User1273@gmail.com,user1273,124629
Owner,User1274@gmail.com,user1274,124630
Owner,User1275@gmail.com,user1275,124631
Owner,User1276@gmail.com,user1276,124632
Owner,User1277@gmail.com,user1277,124633
Owner,User1278@gmail.com,user1278,124634
Owner,User1279@gmail.com,user1279,124635
Owner,User1280@gmail.com,user1280,124636
Owner,User1281@gmail.com,user1281,124637
Owner,User1282@gmail.com,user1282,124638
Owner,User1283@gmail.com,user1283,124639
Owner,User1284@gmail.com,user1284,124640
Owner,User1285@gmail.com,user1285,124641
Owner,User1286@gmail.com,user1286,124642
Owner,User1287@gmail.com,user1287,124643
Owner,User1288@gmail.com,user1288,124644
Owner,User1289@gmail.com,user1289,124645
Owner,User1290@gmail.com,user1290,124646
Owner,User1291@gmail.com,user1291,124647
Owner,User1292@gmail.com,user1292,124648
Owner,User1293@gmail.com,user1293,124649
Owner,User1294@gmail.com,user1294,124650
Owner,User1295@gmail.com,user1295,124651
Owner,User1296@gmail.com,user1296,124652
Owner,User1297@gmail.com,user1297,124653
Owner,User1298@gmail.com,user1298,124654
Owner,User1299@gmail.com,user1299,124655
Owner,User1300@gmail.com,user1300,124656
Owner,User1301@gmail.com,user1301,124657
Owner,User1302@gmail.com,user1302,124658
Owner,User1303@gmail.com,user1303,124659
Owner,User1304@gmail.com,user1304,124660
Owner,User1305@gmail.com,user1305,124661
Owner,User1306@gmail.com,user1306,124662
Owner,User1307@gmail.com,user1307,124663
Owner,User1308@gmail.com,user1308,124664
Owner,User1309@gmail.com,user1309,124665
Owner,User1310@gmail.com,user1310,124666
Owner,User1311@gmail.com,user1311,124667
Owner,User1312@gmail.com,user1312,124668
Owner,User1313@gmail.com,user1313,124669
Owner,User1314@gmail.com,user1314,124670
Owner,User1315@gmail.com,user1315,124671
Owner,User1316@gmail.com,user1316,124672
Owner,User1317@gmail.com,user1317,124673
Owner,User1318@gmail.com,user1318,124674
Owner,User1319@gmail.com,user1319,124675
Owner,User1320@gmail.com,user1320,124676
Owner,User1321@gmail.com,user1321,124677
Owner,User1322@gmail.com,user1322,124678
Owner,User1323@gmail.com,user1323,124679
Owner,User1324@gmail.com,user1324,124680
Owner,User1325@gmail.com,user1325,124681
Owner,User1326@gmail.com,user1326,124682
Owner,User1327@gmail.com,user1327,124683
Owner,User1328@gmail.com,user1328,124684
Owner,User1329@gmail.com,user1329,124685
Owner,User1330@gmail.com,user1330,124686
Owner,User1331@gmail.com,user1331,124687
Owner,User1332@gmail.com,user1332,124688
Owner,User1333@gmail.com,user1333,124689
Owner,User1334@gmail.com,user1334,124690
Owner,User1335@gmail.com,user1335,124691
Owner,User1336@gmail.com,user1336,124692
Owner,User1337@gmail.com,user1337,124693
Owner,User1338@gmail.com,user1338,124694
Owner,User1339@gmail.com,user1339,124695
Owner,User1340@gmail.com,user1340,124696
Owner,User1341@gmail.com,user1341,124697
Owner,User1342@gmail.com,user1342,124698
Owner,User1343@gmail.com,user1343,124699
Owner,User1344@gmail.com,user1344,124700
Owner,User1345@gmail.com,user1345,124701
Owner,User1346@gmail.com,user1346,124702
Owner,User1347@gmail.com,user1347,124703
Owner,User1348@gmail.com,user1348,124704
Owner,User1349@gmail.com,user1349,124705
Owner,User1350@gmail.com,user1350,124706
Owner,User1351@gmail.com,user1351,124707
Owner,User1352@gmail.com,user1352,124708
Owner,User1353@gmail.com,user1353,124709
Owner,User1354@gmail.com,user1354,124710
Owner,User1355@gmail.com,user1355,124711
Owner,User1356@gmail.com,user1356,124712
Owner,User1357@gmail.com,user1357,124713
Owner,User1358@gmail.com,user1358,124714
Owner,User1359@gmail.com,user1359,124715
Owner,User1360@gmail.com,user1360,124716
Owner,User1361@gmail.com,user1361,124717
Owner,User1362@gmail.com,user1362,124718
Owner,User1363@gmail.com,user1363,124719
Owner,User1364@gmail.com,user1364,124720
Owner,User1365@gmail.com,user1365,124721
Owner,User1366@gmail.com,user1366,124722
Owner,User1367@gmail.com,user1367,124723
Owner,User1368@gmail.com,user1368,124724
Owner,User1369@gmail.com,user1369,124725
Owner,User1370@gmail.com,user1370,124726
Owner,User1371@gmail.com,user1371,124727
Owner,User1372@gmail.com,user1372,124728
Owner,User1373@gmail.com,user1373,124729
Owner,User1374@gmail.com,user1374,124730
Owner,User1375@gmail.com,user1375,124731
Owner,User1376@gmail.com,user1376,124732
Owner,User1377@gmail.com,user1377,124733
Owner,User1378@gmail.com,user1378,124734
Owner,User1379@gmail.com,user1379,124735
Owner,User1380@gmail.com,user1380,124736
Owner,User1381@gmail.com,user1381,124737
Owner,User1382@gmail.com,user1382,124738
Owner,User1383@gmail.com,user1383,124739
Owner,User1384@gmail.com,user1384,124740
Owner,User1385@gmail.com,user1385,124741
Owner,User1386@gmail.com,user1386,124742
Owner,User1387@gmail.com,user1387,124743
Owner,User1388@gmail.com,user1388,124744
Owner,User1389@gmail.com,user1389,124745
Owner,User1390@gmail.com,user1390,124746
Owner,User1391@gmail.com,user1391,124747
Owner,User1392@gmail.com,user1392,124748
Owner,User1393@gmail.com,user1393,124749
Owner,User1394@gmail.com,user1394,124750
Owner,User1395@gmail.com,user1395,124751
Owner,User1396@gmail.com,user1396,124752
Owner,User1397@gmail.com,user1397,124753
Owner,User1398@gmail.com,user1398,124754
Owner,User1399@gmail.com,user1399,124755
Owner,User1400@gmail.com,user1400,124756
Owner,User1401@gmail.com,user1401,124757
Owner,User1402@gmail.com,user1402,124758
Owner,User1403@gmail.com,user1403,124759
Owner,User1404@gmail.com,user1404,124760
Owner,User1405@gmail.com,user1405,124761
Owner,User1406@gmail.com,user1406,124762
Owner,User1407@gmail.com,user1407,124763
Owner,User1408@gmail.com,user1408,124764
Owner,User1409@gmail.com,user1409,124765
Owner,User1410@gmail.com,user1410,124766
Owner,User1411@gmail.com,user1411,124767
Owner,User1412@gmail.com,user1412,124768
Owner,User1413@gmail.com,user1413,124769
Owner,User1414@gmail.com,user1414,124770
Owner,User1415@gmail.com,user1415,124771
Owner,User1416@gmail.com,user1416,124772
Owner,User1417@gmail.com,user1417,124773
Owner,User1418@gmail.com,user1418,124774
Owner,User1419@gmail.com,user1419,124775
Owner,User1420@gmail.com,user1420,124776
Owner,User1421@gmail.com,user1421,124777
Owner,User1422@gmail.com,user1422,124778
Owner,User1423@gmail.com,user1423,124779
Owner,User1424@gmail.com,user1424,124780
Owner,User1425@gmail.com,user1425,124781
Owner,User1426@gmail.com,user1426,124782
Owner,User1427@gmail.com,user1427,124783
Owner,User1428@gmail.com,user1428,124784
Owner,User1429@gmail.com,user1429,124785
Owner,User1430@gmail.com,user1430,124786
Owner,User1431@gmail.com,user1431,124787
Owner,User1432@gmail.com,user1432,124788
Owner,User1433@gmail.com,user1433,124789
Owner,User1434@gmail.com,user1434,124790
Owner,User1435@gmail.com,user1435,124791
Owner,User1436@gmail.com,user1436,124792
Owner,User1437@gmail.com,user1437,124793
Owner,User1438@gmail.com,user1438,124794
Owner,User1439@gmail.com,user1439,124795
Owner,User1440@gmail.com,user1440,124796
Owner,User1441@gmail.com,user1441,124797
Owner,User1442@gmail.com,user1442,124798
Owner,User1443@gmail.com,user1443,124799
Owner,User1444@gmail.com,user1444,124800
Owner,User1445@gmail.com,user1445,124801
Owner,User1446@gmail.com,user1446,124802
Owner,User1447@gmail.com,user1447,124803
Owner,User1448@gmail.com,user1448,124804
Owner,User1449@gmail.com,user1449,124805
Owner,User1450@gmail.com,user1450,124806
Owner,User1451@gmail.com,user1451,124807
Owner,User1452@gmail.com,user1452,124808
Owner,User1453@gmail.com,user1453,124809
Owner,User1454@gmail.com,user1454,124810
Owner,User1455@gmail.com,user1455,124811
Owner,User1456@gmail.com,user1456,124812
Owner,User1457@gmail.com,user1457,124813
Owner,User1458@gmail.com,user1458,124814
Owner,User1459@gmail.com,user1459,124815
Owner,User1460@gmail.com,user1460,124816
Owner,User1461@gmail.com,user1461,124817
Owner,User1462@gmail.com,user1462,124818
Owner,User1463@gmail.com,user1463,124819
Owner,User1464@gmail.com,user1464,124820
Owner,User1465@gmail.com,user1465,124821
Owner,User1466@gmail.com,user1466,124822
Owner,User1467@gmail.com,user1467,124823
Owner,User1468@gmail.com,user1468,124824
Owner,User1469@gmail.com,user1469,124825
Owner,User1470@gmail.com,user1470,124826
Owner,User1471@gmail.com,user1471,124827
Owner,User1472@gmail.com,user1472,124828
Owner,User1473@gmail.com,user1473,124829
Owner,User1474@gmail.com,user1474,124830
Owner,User1475@gmail.com,user1475,124831
Owner,User1476@gmail.com,user1476,124832
Owner,User1477@gmail.com,user1477,124833
Owner,User1478@gmail.com,user1478,124834
Owner,User1479@gmail.com,user1479,124835
Owner,User1480@gmail.com,user1480,124836
Owner,User1481@gmail.com,user1481,124837
Owner,User1482@gmail.com,user1482,124838
Owner,User1483@gmail.com,user1483,124839
Owner,User1484@gmail.com,user1484,124840
Owner,User1485@gmail.com,user1485,124841
Owner,User1486@gmail.com,user1486,124842
Owner,User1487@gmail.com,user1487,124843
Owner,User1488@gmail.com,user1488,124844
Owner,User1489@gmail.com,user1489,124845
Owner,User1490@gmail.com,user1490,124846
Owner,User1491@gmail.com,user1491,124847
Owner,User1492@gmail.com,user1492,124848
Owner,User1493@gmail.com,user1493,124849
Owner,User1494@gmail.com,user1494,124850
Owner,User1495@gmail.com,user1495,124851
Owner,User1496@gmail.com,user1496,124852
Owner,User1497@gmail.com,user1497,124853
Owner,User1498@gmail.com,user1498,124854
Owner,User1499@gmail.com,user1499,124855
Owner,User1500@gmail.com,user1500,124856
Owner,User1501@gmail.com,user1501,124857
Owner,User1502@gmail.com,user1502,124858
Owner,User1503@gmail.com,user1503,124859
Owner,User1504@gmail.com,user1504,124860
Owner,User1505@gmail.com,user1505,124861
Owner,User1506@gmail.com,user1506,124862
Owner,User1507@gmail.com,user1507,124863
Owner,User1508@gmail.com,user1508,124864
Owner,User1509@gmail.com,user1509,124865
